time,load@tsung_controller@ip-172-31-36-11 
0,0.16015625 
10,0.140625 
20,0.140625 
30,0.140625 
40,0.12890625 
50,0.109375 
55,0.1015625 
