time,cpu@tsung_controller@ip-172-31-36-11 
0,0.24161713588296407 
10,1.998001998001998 
20,1.998001998001998 
30,1.998001998001998 
40,1.998001998001998 
50,1.998001998001998 
55,1.998001998001998 
