time,connect,request 
0,2.06795614627252,80.24896181736138 
10,0.8492069847119172,70.9886560494706 
20,0.18224898719425936,78.39372847225319 
30,0.14467767495239078,95.84130337899559 
40,0.5672178909400417,114.53320161730258 
50,0.3640364039422451,90.32923348018446 
55,0.025499999999999967,79.51333592112431 
