time,connect,request 
0,1.3161914893617024,69.10218888888888 
10,1.085647058823529,57.44345283018876 
20,0.8847999999999999,66.28745555555562 
30,0.9196666666666664,83.29120952380947 
40,0.9707777777777779,95.42528828828831 
50,0.9540851063829787,76.98404347826086 
55,0.9355,71.34416666666665 
