time,freemem@tsung_controller@ip-172-31-36-11 
0,7344.265625 
10,7340.875 
20,7341.48046875 
30,7339.1484375 
40,7338.9140625 
50,7337.58984375 
55,7337.9375 
