time,load@tsung_controller@ip-172-31-36-11 
0,0.16015625 
10,0.16015625 
20,0.19140625 
30,0.19140625 
40,0.19140625 
50,0.19140625 
55,0.19140625 
