time,session 
0,129.44325657559915 
10,117.1408920557394 
20,115.86235319266245 
30,153.89668612942023 
40,174.62766350543652 
50,108.99903179493242 
55,26.529999999999987 
