time,freemem@tsung_controller@ip-172-31-36-11 
0,7344.265625 
10,7344.265625 
20,7344.265625 
30,7344.265625 
40,7344.265625 
50,7344.265625 
55,7344.265625 
