time,cpu@tsung_controller@ip-172-31-36-11 
0,0.24161713588296407 
10,0.24161713588296407 
20,0.24161713588296407 
30,0.24161713588296407 
40,0.24161713588296407 
50,0.24161713588296407 
55,0.24161713588296407 
