time,page 
0,138.36229999999995 
10,115.03527358490561 
20,132.7196444444444 
30,166.70901904761894 
40,190.99198198198218 
50,154.10647826086958 
55,142.8215 
