time,page 
0,115.87147745646183 
10,96.57756343053943 
20,107.2367717535269 
30,127.10623501307727 
40,153.5494117100557 
50,115.38282156911197 
55,108.27828886523528 
