time,session 
0,268.84006 
10,236.78484 
20,270.5082325581396 
30,334.0055555555557 
40,387.1902407407407 
50,309.89425531914884 
55,288.84799999999996 
