time,session 
0,1649.8904254546444 
10,2612.83716677563 
20,3439.3830424960056 
30,3462.4115723814357 
40,3359.9377091416964 
50,3404.8559634737912 
60,2886.2963535982694 
70,3393.940001990756 
80,3004.8681202471143 
90,3467.6626606590194 
100,3773.9775476879076 
110,3424.705402048668 
120,3089.2928539392638 
130,3301.175740808802 
140,4138.787569420993 
150,5306.194325433048 
160,4741.039143706491 
170,3642.160789672649 
171,0 
