time,freemem@tsung_controller@ip-172-31-25-121 
0,7354.57421875 
10,7318.28125 
20,7298.23046875 
30,7300.09765625 
40,7289.359375 
50,7279.9140625 
60,7289.00390625 
70,7286.84765625 
80,7283.1015625 
90,7269.046875 
100,7273.73828125 
110,7275.82421875 
120,7273.7421875 
130,7250.80078125 
140,7227.00390625 
150,7203.2578125 
160,7212.65234375 
170,7219.76953125 
171,7267.73046875 
