time,cpu@tsung_controller@ip-172-31-25-121 
0,2.8162359149261915 
10,2.4060150375939853 
20,2.4060150375939853 
30,2.4060150375939853 
40,2.4060150375939853 
50,2.4060150375939853 
60,2.4060150375939853 
70,2.4060150375939853 
80,2.4060150375939853 
90,2.4060150375939853 
100,2.4060150375939853 
110,2.4060150375939853 
120,2.4060150375939853 
130,2.4060150375939853 
140,2.4060150375939853 
150,2.4060150375939853 
160,2.4060150375939853 
170,2.4060150375939853 
171,1.543824701195219 
