time,session 
0,5247.896142857143 
10,7686.559449664426 
20,8122.079653333332 
30,8344.080896103898 
40,8049.068926380366 
50,8511.666460122698 
60,7605.597289940829 
70,8405.059672131147 
80,7920.9374566474 
90,7842.512310734462 
100,8375.004189320385 
110,8374.34073184357 
120,9179.361194736846 
130,10428.51675 
140,11265.67963366337 
150,11881.823235807851 
160,12580.718885931557 
170,15127.71935294118 
171,0 
