time,page 
0,10.6169908370042 
10,11.994491264558842 
20,20.075774946342108 
30,12.46723119248112 
40,16.298411672643514 
50,16.481481949721438 
60,24.176044866626423 
70,23.145138747864145 
80,27.525590783199718 
90,30.399857903478654 
100,38.611582505527416 
110,86.83804867493376 
120,92.16421754224774 
130,174.28025059201835 
140,276.70342156371635 
150,321.2530865816209 
160,379.11351417364125 
170,5.440596481383885 
171,0 
