time,freemem@tsung_controller@ip-172-31-25-121 
0,7354.57421875 
10,7354.57421875 
20,7354.57421875 
30,7354.57421875 
40,7354.57421875 
50,7354.57421875 
60,7354.57421875 
70,7354.57421875 
80,7354.57421875 
90,7354.57421875 
100,7354.57421875 
110,7354.57421875 
120,7354.57421875 
130,7354.57421875 
140,7354.57421875 
150,7354.57421875 
160,7354.57421875 
170,7354.57421875 
171,7354.57421875 
