time,cpu@tsung_controller@ip-172-31-25-121 
0,2.8162359149261915 
10,2.4060150375939853 
20,4.443334997503745 
30,3.481331987891019 
40,7.04647676161919 
50,13.432835820895523 
60,13.472015849430411 
70,11.782178217821782 
80,13.14484126984127 
90,17.309594460929773 
100,17.568238213399503 
110,18.657453109575517 
120,18.713163064833005 
130,16.699507389162562 
140,14.959839357429718 
150,7.5575575575575575 
160,7.385229540918163 
170,9.258337481333998 
171,1.543824701195219 
