time,load@tsung_controller@ip-172-31-25-121 
0,0.05078125 
10,0.05078125 
20,0.0390625 
30,0.03125 
40,0.03125 
50,0.01953125 
60,0.01953125 
70,0.171875 
80,0.140625 
90,0.12109375 
100,0.25 
110,0.2890625 
120,0.3203125 
130,0.26953125 
140,0.30859375 
150,0.26171875 
160,0.21875 
170,0.19140625 
171,0.16015625 
