time,load@tsung_controller@ip-172-31-25-121 
0,0.05078125 
10,0.05078125 
20,0.05078125 
30,0.05078125 
40,0.05078125 
50,0.05078125 
60,0.05078125 
70,0.171875 
80,0.171875 
90,0.171875 
100,0.25 
110,0.2890625 
120,0.3203125 
130,0.3203125 
140,0.3203125 
150,0.3203125 
160,0.3203125 
170,0.3203125 
171,0.3203125 
