time,freemem@tsung_controller@ip-172-31-25-121 
0,7354.57421875 
10,7318.28125 
20,7298.23046875 
30,7298.23046875 
40,7289.359375 
50,7279.9140625 
60,7279.9140625 
70,7279.9140625 
80,7279.9140625 
90,7269.046875 
100,7269.046875 
110,7269.046875 
120,7269.046875 
130,7250.80078125 
140,7227.00390625 
150,7203.2578125 
160,7203.2578125 
170,7203.2578125 
171,7203.2578125 
