time,cpu@tsung_controller@ip-172-31-25-121 
0,2.8162359149261915 
10,2.8162359149261915 
20,4.443334997503745 
30,4.443334997503745 
40,7.04647676161919 
50,13.432835820895523 
60,13.472015849430411 
70,13.472015849430411 
80,13.472015849430411 
90,17.309594460929773 
100,17.568238213399503 
110,18.657453109575517 
120,18.713163064833005 
130,18.713163064833005 
140,18.713163064833005 
150,18.713163064833005 
160,18.713163064833005 
170,18.713163064833005 
171,18.713163064833005 
