time,page 
0,15.881706099815158 
10,19.84277544154754 
20,24.027286735504383 
30,19.482075533661742 
40,26.287477818181827 
50,23.734683835182256 
60,34.57695618374563 
70,31.27504794996532 
80,35.71391080139371 
90,40.00725185685348 
100,49.68992351816439 
110,101.35676615589595 
120,169.62181966186603 
130,437.59990077319577 
140,690.2186619718309 
150,813.8563333333333 
160,424.4875448529416 
170,11.754313609467458 
171,0 
