time,session 
0,151.15812043374473 
10,152.2523020457363 
20,90.95861327224175 
30,192.05756684156458 
40,181.4010882514632 
50,189.85070675254642 
54,0 
