time,session 
0,232.07124390243908 
10,280.9717454545454 
20,250.84487234042555 
30,341.91607142857146 
40,454.5822153846154 
50,387.3939444444443 
54,0 
