time,freemem@tsung_controller@ip-172-31-36-11 
0,7343.7578125 
10,7343.7578125 
20,7343.7578125 
30,7343.7578125 
40,7343.7578125 
50,7343.7578125 
54,7343.7578125 
