time,load@tsung_controller@ip-172-31-36-11 
0,0.01953125 
10,0.01953125 
20,0.01953125 
30,0.078125 
40,0.078125 
50,0.078125 
54,0.078125 
