time,page 
0,104.10235977106171 
10,106.19311632962298 
20,112.97970999049416 
30,138.54067447702084 
40,179.70624236803283 
50,174.5195513267353 
54,0 
