time,freemem@tsung_controller@ip-172-31-36-11 
0,7343.7578125 
10,7340.48046875 
20,7340.48046875 
30,7340.359375 
40,7337.57421875 
50,7336.70703125 
54,7335.04296875 
