time,connect,request 
0,1.5343947368421056,58.27626973684206 
10,1.0106724137931038,66.97310185185182 
20,0.8616521739130435,65.01311734693876 
30,0.9908070175438591,83.3349224137931 
40,0.9683939393939397,111.85826639344263 
50,0.890742857142857,99.64460000000005 
54,0,0 
