time,page 
0,116.71106578947365 
10,129.9031869158879 
20,134.74528282828277 
30,166.80732758620687 
40,223.86237704918037 
50,199.42579999999998 
54,0 
