time,cpu@tsung_controller@ip-172-31-36-11 
0,0.2470233773557599 
10,0.2470233773557599 
20,0.2470233773557599 
30,0.2470233773557599 
40,0.2470233773557599 
50,0.2470233773557599 
54,0.2470233773557599 
