time,load@tsung_controller@ip-172-31-36-11 
0,0.01953125 
10,0.01171875 
20,0.01171875 
30,0.078125 
40,0.0703125 
50,0.05859375 
54,0.05078125 
