time,cpu@tsung_controller@ip-172-31-36-11 
0,0.2470233773557599 
10,1.7964071856287425 
20,1.9441674975074776 
30,1.9441674975074776 
40,2.242152466367713 
50,2.242152466367713 
54,2.242152466367713 
