time,connect,request 
0,3.215784438470517,66.67091140119057 
10,0.6048108677849013,77.74972584522818 
20,0.09149583440061845,80.36319384983669 
30,0.5790704419954963,92.96738676487864 
40,0.7031728284212466,129.26016855906056 
50,0.07216740176527778,121.32333688527326 
54,0,0 
