time,freemem@tsung_controller@ip-172-31-36-11 
0,7344.546875 
10,7340.6484375 
20,7340.3828125 
30,7340.3828125 
40,7339.01953125 
50,7337.25390625 
55,7336.87109375 
