time,session 
0,296.8867857142856 
10,251.15350000000007 
20,225.7940625 
30,341.06855999999993 
40,468.4876199999998 
50,417.38378333333327 
55,0 
