time,connect,request 
0,1.4535952443351419,87.51980030986002 
10,0.18255629378358884,72.9461708019558 
20,0.68368343903934,64.93949728313473 
30,0.5025395462668887,112.96017900595098 
40,0.1540304102206031,169.54856923382198 
50,0.5156218165300571,153.5391974712087 
55,0,68.93687951205345 
