time,connect,request 
0,1.1083571428571428,74.66123124999999 
10,0.92586,61.899558823529404 
20,1.018617021276596,56.38677659574465 
30,0.9296538461538462,77.74835602094241 
40,0.9115999999999997,118.52349308755758 
50,0.998351851851852,105.34588362068972 
55,0,56.441874999999996 
