time,cpu@tsung_controller@ip-172-31-36-11 
0,0.24956493205381464 
10,1.7456359102244388 
20,1.4463840399002494 
30,1.2 
40,1.8509254627313656 
50,1.5022533800701052 
55,2.0572002007024586 
