time,freemem@tsung_controller@ip-172-31-36-11 
0,7344.546875 
10,7344.546875 
20,7344.546875 
30,7344.546875 
40,7344.546875 
50,7344.546875 
55,7344.546875 
