time,session 
0,134.41978284243157 
10,96.12742511713293 
20,55.33000849463993 
30,177.06364533400526 
40,206.10491750289606 
50,184.17294490189485 
55,0 
