time,page 
0,149.49317500000015 
10,123.9325294117647 
20,112.90513829787234 
30,156.19887368421055 
40,236.30134862385313 
50,210.83588793103445 
55,113.0445 
