time,cpu@tsung_controller@ip-172-31-36-11 
0,0.24956493205381464 
10,0.24956493205381464 
20,0.24956493205381464 
30,0.24956493205381464 
40,0.24956493205381464 
50,0.24956493205381464 
55,0.24956493205381464 
