time,page 
0,132.1737519028244 
10,105.87284921710182 
20,86.16749695161398 
30,156.80635002114062 
40,232.01843204565523 
50,206.594471637853 
55,85.18153553587771 
