time,session 
0,4657.285407407408 
10,7781.245687500002 
20,8324.478799999997 
30,8646.24959638554 
40,8017.003248520709 
50,8091.092231182794 
60,8452.110517045461 
70,8175.450761006296 
80,8621.70896666666 
90,8887.268896226413 
100,8571.447855670105 
110,8036.052151832466 
120,7958.30636538462 
130,8350.39825531915 
140,8551.50617999999 
150,9869.4882716763 
160,10856.842762452106 
170,15592.083312500004 
171,0 
