time,freemem@tsung_controller@ip-172-31-25-121 
0,7353.94140625 
10,7313.609375 
20,7288.36328125 
30,7295.6015625 
40,7291.78515625 
50,7282.9296875 
60,7271.8203125 
70,7272.1875 
80,7280.1328125 
90,7267.72265625 
100,7258.44921875 
110,7258.67578125 
120,7260.1015625 
130,7263.265625 
140,7265.22265625 
150,7255.62890625 
160,7228.84765625 
170,7235.28515625 
