time,load@tsung_controller@ip-172-31-25-121 
0,0.03125 
10,0.03125 
20,0.01953125 
30,0.01953125 
40,0.01953125 
50,0.3203125 
60,0.3515625 
70,0.53125 
80,0.48828125 
90,0.5703125 
100,0.62890625 
110,0.609375 
120,0.58984375 
130,0.5 
140,0.421875 
150,0.359375 
160,0.37109375 
170,0.3203125 
