time,freemem@tsung_controller@ip-172-31-25-121 
0,7353.94140625 
10,7353.94140625 
20,7353.94140625 
30,7353.94140625 
40,7353.94140625 
50,7353.94140625 
60,7353.94140625 
70,7353.94140625 
80,7353.94140625 
90,7353.94140625 
100,7353.94140625 
110,7353.94140625 
120,7353.94140625 
130,7353.94140625 
140,7353.94140625 
150,7353.94140625 
160,7353.94140625 
170,7353.94140625 
