time,cpu@tsung_controller@ip-172-31-25-121 
0,3.431934173523591 
10,3.431934173523591 
20,3.431934173523591 
30,3.431934173523591 
40,3.431934173523591 
50,3.431934173523591 
60,3.431934173523591 
70,3.431934173523591 
80,3.431934173523591 
90,3.431934173523591 
100,3.431934173523591 
110,3.431934173523591 
120,3.431934173523591 
130,3.431934173523591 
140,3.431934173523591 
150,3.431934173523591 
160,3.431934173523591 
170,3.431934173523591 
