time,page 
0,21.08004924242424 
10,23.96115015974443 
20,38.144426459143936 
30,26.897302272727266 
40,31.861578616352208 
50,34.05733604887988 
60,25.252815671641798 
70,27.58412418300653 
80,64.6018689516129 
90,73.62869122160849 
100,40.93994527687305 
110,40.177272147864976 
120,49.68194991160867 
130,37.79699204244026 
140,63.237103343464966 
150,351.9582951015524 
160,227.27783124539408 
170,12.341419999999998 
171,0 
