time,freemem@tsung_controller@ip-172-31-25-121 
0,7353.94140625 
10,7313.609375 
20,7288.36328125 
30,7288.36328125 
40,7288.36328125 
50,7282.9296875 
60,7271.8203125 
70,7271.8203125 
80,7271.8203125 
90,7267.72265625 
100,7258.44921875 
110,7258.44921875 
120,7258.44921875 
130,7258.44921875 
140,7258.44921875 
150,7255.62890625 
160,7228.84765625 
170,7228.84765625 
