time,session 
0,1021.2152619509632 
10,2652.2278245746156 
20,3295.7089986664464 
30,3684.1163233834723 
40,3335.539731575258 
50,3051.1230354958284 
60,3724.9054628105478 
70,3708.257040650687 
80,3365.682100518141 
90,3249.871093087415 
100,3853.923981151392 
110,3465.452451434882 
120,3651.7444305137215 
130,3594.434946822109 
140,3465.816932207495 
150,3721.109319928079 
160,3105.822646054676 
170,3330.232830518022 
171,0 
