time,cpu@tsung_controller@ip-172-31-25-121 
0,3.431934173523591 
10,4.145601617795753 
20,12.172573189522343 
30,12.172573189522343 
40,12.350804359107421 
50,13.741636644364386 
60,13.741636644364386 
70,13.741636644364386 
80,13.741636644364386 
90,16.076014381099128 
100,16.076014381099128 
110,16.076014381099128 
120,16.076014381099128 
130,16.076014381099128 
140,16.076014381099128 
150,16.77922077922078 
160,16.77922077922078 
170,16.77922077922078 
