time,cpu@tsung_controller@ip-172-31-25-121 
0,3.431934173523591 
10,4.145601617795753 
20,12.172573189522343 
30,11.758584807492195 
40,12.350804359107421 
50,13.741636644364386 
60,13.260530421216849 
70,12.006237006237006 
80,13.59875904860393 
90,16.076014381099128 
100,15.277058518902123 
110,13.776846516500784 
120,13.589211618257261 
130,15.885416666666666 
140,14.678423236514524 
150,16.77922077922078 
160,16.7274622199062 
170,10.6544901065449 
