time,load@tsung_controller@ip-172-31-25-121 
0,0.03125 
10,0.03125 
20,0.03125 
30,0.03125 
40,0.03125 
50,0.3203125 
60,0.3515625 
70,0.53125 
80,0.53125 
90,0.5703125 
100,0.62890625 
110,0.62890625 
120,0.62890625 
130,0.62890625 
140,0.62890625 
150,0.62890625 
160,0.62890625 
170,0.62890625 
