time,page 
0,28.387289205438087 
10,18.190897912835844 
20,38.202001631164165 
30,18.73163680548015 
40,28.11920358652171 
50,27.73845723321057 
60,17.836192006190537 
70,19.176000137051098 
80,84.71482000043804 
90,66.05423002598062 
100,36.11443236945157 
110,33.3059655534453 
120,39.60333343595074 
130,30.873752681791643 
140,53.88778864438046 
150,192.99696733275536 
160,263.2970035609457 
170,4.9744844158565815 
171,0 
