time,load@tsung_controller@ip-172-31-25-121 
0,0.0 
10,0.0 
20,0.0 
30,0.078125 
40,0.1484375 
50,0.1484375 
60,0.1796875 
70,0.1796875 
80,0.26953125 
90,0.30859375 
100,0.33984375 
110,0.33984375 
120,0.33984375 
130,0.33984375 
140,0.33984375 
150,0.33984375 
160,0.33984375 
167,0.33984375 
