time,cpu@tsung_controller@ip-172-31-25-121 
0,3.2910596502259004 
10,6.230847803881511 
20,4.81500253421186 
30,12.982273201251305 
40,11.347150259067359 
50,12.926957435627957 
60,12.415232133541993 
70,13.215400624349636 
80,13.68366285119667 
90,13.832553302132085 
100,13.422818791946309 
110,16.536661466458657 
120,17.85158277114686 
130,15.007816571130798 
140,17.006802721088434 
150,16.875 
160,16.1594963273872 
167,6.996935648621042 
