time,page 
0,13.621261247365585 
10,13.061353818132886 
20,18.19508569028752 
30,19.53164656604513 
40,81.13015744137712 
50,16.499560220643005 
60,19.788924540405457 
70,27.688944516877903 
80,22.497089354883233 
90,20.732989346573284 
100,37.27813645342438 
110,41.90475809893658 
120,35.352666836370936 
130,77.05971865943243 
140,39.808502323096015 
150,37.04957149248575 
160,51.855404891437146 
167,5.635016400721475 
