time,freemem@tsung_controller@ip-172-31-25-121 
0,7352.78125 
10,7313.50390625 
20,7296.34765625 
30,7284.609375 
40,7286.90625 
50,7276.8515625 
60,7282.21875 
70,7273.2578125 
80,7273.94921875 
90,7273.9609375 
100,7272.359375 
110,7263.2734375 
120,7262.77734375 
130,7266.6953125 
140,7249.0 
150,7253.6171875 
160,7250.35546875 
167,7248.20703125 
