time,session 
0,1500.805329342105 
10,2831.826153758822 
20,3353.3648242796785 
30,3792.144196776649 
40,3434.847572865547 
50,3190.365892701357 
60,3526.522078523607 
70,3540.9910350431833 
80,3592.9643284674444 
90,3572.0955788640686 
100,3325.819244601072 
110,3413.8577177116904 
120,3782.748677188527 
130,3447.3059955989866 
140,3268.0827274394082 
150,3384.1790280998057 
160,2916.4825069129347 
167,2715.2792770642614 
