time,page 
0,17.124310880828986 
10,20.338393398751137 
20,27.699496894409986 
30,26.345302507836973 
40,55.58662377622391 
50,25.644373906705553 
60,29.23097419804738 
70,34.975415478615076 
80,32.120705529646926 
90,30.026156228008478 
100,53.05144924012169 
110,60.76573855835245 
120,44.10420762976854 
130,94.19138601478119 
140,58.89871064814821 
150,53.355231224127735 
160,49.36792574257425 
167,13.474940000000002 
