time,freemem@tsung_controller@ip-172-31-25-121 
0,7352.78125 
10,7313.50390625 
20,7296.34765625 
30,7284.609375 
40,7284.609375 
50,7276.8515625 
60,7276.8515625 
70,7273.2578125 
80,7273.2578125 
90,7273.2578125 
100,7272.359375 
110,7263.2734375 
120,7262.77734375 
130,7262.77734375 
140,7249.0 
150,7249.0 
160,7249.0 
167,7248.20703125 
