time,load@tsung_controller@ip-172-31-25-121 
0,0.0 
10,0.0 
20,0.0 
30,0.078125 
40,0.1484375 
50,0.12109375 
60,0.1796875 
70,0.1484375 
80,0.26953125 
90,0.30859375 
100,0.33984375 
110,0.2890625 
120,0.25 
130,0.2109375 
140,0.25 
150,0.2109375 
160,0.1796875 
167,0.30078125 
