time,cpu@tsung_controller@ip-172-31-25-121 
0,3.2910596502259004 
10,6.230847803881511 
20,6.230847803881511 
30,12.982273201251305 
40,12.982273201251305 
50,12.982273201251305 
60,12.982273201251305 
70,13.215400624349636 
80,13.68366285119667 
90,13.832553302132085 
100,13.832553302132085 
110,16.536661466458657 
120,17.85158277114686 
130,17.85158277114686 
140,17.85158277114686 
150,17.85158277114686 
160,17.85158277114686 
167,17.85158277114686 
