time,cpu@tsung_controller@ip-172-31-25-121 
0,3.2910596502259004 
10,3.2910596502259004 
20,3.2910596502259004 
30,3.2910596502259004 
40,3.2910596502259004 
50,3.2910596502259004 
60,3.2910596502259004 
70,3.2910596502259004 
80,3.2910596502259004 
90,3.2910596502259004 
100,3.2910596502259004 
110,3.2910596502259004 
120,3.2910596502259004 
130,3.2910596502259004 
140,3.2910596502259004 
150,3.2910596502259004 
160,3.2910596502259004 
167,3.2910596502259004 
