time,session 
0,5580.852421052631 
10,7216.348508333333 
20,7930.734182320448 
30,8525.237267080747 
40,8512.274152542377 
50,8055.23875581395 
60,8401.839965116278 
70,8372.374390374333 
80,8259.080005434778 
90,8505.645699421962 
100,8399.008514851494 
110,8211.101604545453 
120,8489.12409661836 
130,8529.677884259265 
140,8261.83608450704 
150,8267.21273658537 
160,8326.39813186813 
167,13349.03359375 
