time,freemem@tsung_controller@ip-172-31-25-121 
0,7352.78125 
10,7352.78125 
20,7352.78125 
30,7352.78125 
40,7352.78125 
50,7352.78125 
60,7352.78125 
70,7352.78125 
80,7352.78125 
90,7352.78125 
100,7352.78125 
110,7352.78125 
120,7352.78125 
130,7352.78125 
140,7352.78125 
150,7352.78125 
160,7352.78125 
167,7352.78125 
