time,freemem@tsung_controller@ip-172-31-36-11 
0,7345.31640625 
10,7341.42578125 
20,7337.6796875 
30,7338.3515625 
40,7338.0078125 
50,7335.59765625 
52,7338.48828125 
