time,session 
0,219.1173829787234 
10,409.972909090909 
20,324.3189482758622 
30,382.4781730769231 
40,286.76646153846156 
50,749.6512040816325 
52,0 
