time,connect,request 
0,1.204586956521739,54.52501685393259 
10,0.8816491228070175,84.9601831683168 
20,0.8632363636363638,95.78296265560165 
30,0.8829811320754717,94.42636986301372 
40,0.9162391304347828,70.56722560975612 
50,0.9023953488372094,186.19726020408152 
52,0,0 
