time,freemem@tsung_controller@ip-172-31-36-11 
0,7345.31640625 
10,7341.42578125 
20,7337.6796875 
30,7337.6796875 
40,7337.6796875 
50,7335.59765625 
52,7335.59765625 
