time,page 
0,109.21267415730335 
10,166.74395 
20,194.6156280991736 
30,188.65570000000002 
40,132.89951851851856 
50,377.0550202020203 
52,0 
