time,page 
0,86.87818690127791 
10,168.73563847927173 
20,196.21168392469437 
30,161.26814956330847 
40,114.97535531733931 
50,317.583762715802 
52,0 
