time,freemem@tsung_controller@ip-172-31-36-11 
0,7345.31640625 
10,7345.31640625 
20,7345.31640625 
30,7345.31640625 
40,7345.31640625 
50,7345.31640625 
52,7345.31640625 
