time,session 
0,92.47679323278506 
10,304.04758972731844 
20,170.90707764973683 
30,224.5318272205285 
40,182.4806706172333 
50,448.224237509279 
52,0 
