time,cpu@tsung_controller@ip-172-31-36-11 
0,0.2674361037083029 
10,0.2674361037083029 
20,0.2674361037083029 
30,0.2674361037083029 
40,0.2674361037083029 
50,0.2674361037083029 
52,0.2674361037083029 
