time,connect,request 
0,1.7689277589408812,61.21599010002764 
10,0.13490756955705613,109.79970515844883 
20,0.08336447109723849,127.77311849096944 
30,0.09831898232544344,110.30893385461462 
40,0.16104133749398805,91.03596268811988 
50,0.11288338076433257,219.58214549473283 
52,0,0 
