time,cpu@tsung_controller@ip-172-31-36-11 
0,0.2674361037083029 
10,2.1934197407776668 
20,1.7508754377188593 
30,2.4950099800399204 
40,1.900950475237619 
50,1.3032581453634084 
52,0.8525576730190572 
