time,freemem@tsung_controller@ip-172-31-36-11 
0,7342.37109375 
10,7342.37109375 
20,7342.37109375 
30,7342.37109375 
40,7342.37109375 
50,7342.37109375 
52,7342.37109375 
