time,cpu@tsung_controller@ip-172-31-36-11 
0,0.23446791334612296 
10,0.23446791334612296 
20,0.23446791334612296 
30,0.23446791334612296 
40,0.23446791334612296 
50,0.23446791334612296 
52,0.23446791334612296 
