time,session 
0,131.1788975851664 
10,211.470979320962 
20,71.97689528022613 
30,107.08576166400644 
40,221.44043351461053 
50,202.23326712746692 
52,0 
