time,page 
0,114.60110476008317 
10,180.15192406846543 
20,87.89414872779702 
30,129.06760962690765 
40,222.5559008010936 
50,216.92740914147439 
52,0 
