time,connect,request 
0,1.210838652878981,77.20273735644568 
10,0.11042858426250977,120.0484209297392 
20,0.5047627987121914,64.33265467388628 
30,0.06620729274955803,95.84543034192642 
40,0.0907311445401697,161.59653037161002 
50,0.27159344501478677,157.9435562514803 
52,0,0 
