time,page 
0,129.2980869565217 
10,168.5549912280702 
20,107.51579069767445 
30,140.51263265306125 
40,211.24674590163937 
50,216.61990909090903 
52,0 
