time,freemem@tsung_controller@ip-172-31-36-11 
0,7342.37109375 
10,7336.92578125 
20,7336.328125 
30,7336.6796875 
40,7339.41796875 
50,7339.04296875 
52,7338.4375 
