time,session 
0,270.52900000000017 
10,330.4654137931035 
20,219.54534883720933 
30,281.7828599999998 
40,424.96691935483864 
50,446.6675250000001 
52,0 
