time,cpu@tsung_controller@ip-172-31-36-11 
0,0.23446791334612296 
10,1.951951951951952 
20,1.951951951951952 
30,1.951951951951952 
40,1.951951951951952 
50,1.951951951951952 
52,1.951951951951952 
