time,freemem@tsung_controller@ip-172-31-36-11 
0,7342.37109375 
10,7336.92578125 
20,7336.328125 
30,7336.328125 
40,7336.328125 
50,7336.328125 
52,7336.328125 
