time,connect,request 
0,1.0695818181818182,64.57522826086962 
10,0.893166666666667,84.21011403508777 
20,0.9643488372093023,53.68999418604649 
30,0.9042549019607843,70.19184183673462 
40,0.8840476190476193,106.15787398373975 
50,0.9362749999999999,107.43460919540232 
52,0,0 
