time,cpu@tsung_controller@ip-172-31-36-11 
0,0.22812442025848742 
10,1.5546639919759278 
20,1.5984015984015985 
30,2.0989505247376314 
40,1.898101898101898 
50,2.694610778443114 
55,1.4977533699450822 
