time,session 
0,141.39474020405873 
10,77.17760840718087 
20,190.1055558028305 
30,241.6414197496544 
40,316.6461737595281 
50,169.99658587455403 
55,0 
