time,load@tsung_controller@ip-172-31-36-11 
0,0.01171875 
10,0.01171875 
20,0.01171875 
30,0.0 
40,0.0 
50,0.0 
55,0.0 
