time,session 
0,268.2087916666666 
10,197.0287027027027 
20,351.0858596491229 
30,379.3335476190475 
40,621.014365079365 
50,406.16750943396215 
55,0 
