time,page 
0,101.55598211536625 
10,70.43962701222804 
20,131.54286489212447 
30,158.5916895964657 
40,217.84474134589874 
50,146.4972595179908 
55,103.33182750125927 
