time,connect,request 
0,4.126324818518548,64.57859744476492 
10,0.09476222247744226,49.96225249507674 
20,0.08863920218089344,81.35059224197853 
30,0.166694632593241,94.89301582774175 
40,0.14943508124218813,128.4765231945668 
50,0.08359212696173178,97.6939574799504 
55,0,83.95951734764796 
