time,freemem@tsung_controller@ip-172-31-36-11 
0,7344.875 
10,7340.3515625 
20,7339.0859375 
30,7337.97265625 
40,7337.140625 
50,7334.046875 
55,7331.5625 
