time,page 
0,134.38079787234037 
10,97.35558108108103 
20,173.72615789473682 
30,190.88366666666678 
40,307.42428124999986 
50,201.0515809523811 
55,131.7455 
