time,connect,request 
0,1.5527872340425535,67.11463829787235 
10,0.8634473684210526,48.615790540540544 
20,0.8478571428571428,86.79380701754386 
30,0.8931463414634148,95.36510493827163 
40,0.8854843750000003,153.63950000000023 
50,0.9077962962962964,100.46144285714287 
55,0,65.8185 
