time,cpu@tsung_controller@ip-172-31-36-11 
0,0.22812442025848742 
10,0.22812442025848742 
20,0.22812442025848742 
30,0.22812442025848742 
40,0.22812442025848742 
50,0.22812442025848742 
55,0.22812442025848742 
