time,cpu@tsung_controller@ip-172-31-25-121 
0,2.1478563327946487 
10,6.976744186046512 
20,15.373208106772122 
30,16.39506172839506 
40,16.77324151500246 
50,16.986706056129986 
60,16.986706056129986 
70,18.115234375 
80,18.553149606299215 
90,18.89763779527559 
100,19.166666666666668 
110,19.321533923303836 
120,19.79218208807521 
130,19.833496571988245 
140,19.833496571988245 
150,21.36542239685658 
160,22.30958230958231 
170,22.30958230958231 
