time,session 
0,1450.6026169758522 
10,2786.339040813326 
20,3484.665782151428 
30,3655.7904592835775 
40,3382.447647780285 
50,3619.5908201448433 
60,3208.329689704033 
70,3291.085880629505 
80,3453.998758250987 
90,3290.2213716036613 
100,3288.2665864618148 
110,3193.718553597689 
120,3413.4019685688163 
130,3440.771068863157 
140,3463.0884207109834 
150,3281.512217682809 
160,3046.8088443036722 
170,2712.480550961897 
172,0 
