time,cpu@tsung_controller@ip-172-31-25-121 
0,2.1478563327946487 
10,2.1478563327946487 
20,2.1478563327946487 
30,2.1478563327946487 
40,2.1478563327946487 
50,2.1478563327946487 
60,2.1478563327946487 
70,2.1478563327946487 
80,2.1478563327946487 
90,2.1478563327946487 
100,2.1478563327946487 
110,2.1478563327946487 
120,2.1478563327946487 
130,2.1478563327946487 
140,2.1478563327946487 
150,2.1478563327946487 
160,2.1478563327946487 
170,2.1478563327946487 
