time,page 
0,19.45103050847455 
10,19.925030833333324 
20,25.634800147492662 
30,23.94158525688755 
40,57.65773059006206 
50,61.327862660944184 
60,34.02383726067746 
70,33.41396875000001 
80,37.98159210526316 
90,31.19456985769722 
100,47.23597346278315 
110,45.8588903591682 
120,59.419918022905286 
130,49.38936395759722 
140,59.436549418604564 
150,292.4483981797497 
160,193.44387088607604 
170,13.458662921348312 
172,0 
