time,load@tsung_controller@ip-172-31-25-121 
0,0.01953125 
10,0.01953125 
20,0.01953125 
30,0.08984375 
40,0.4609375 
50,0.53125 
60,0.671875 
70,0.671875 
80,0.671875 
90,0.671875 
100,0.671875 
110,0.671875 
120,0.8984375 
130,0.8984375 
140,1.01171875 
150,1.01171875 
160,1.01171875 
170,1.01171875 
