time,freemem@tsung_controller@ip-172-31-25-121 
0,7354.34765625 
10,7354.34765625 
20,7354.34765625 
30,7354.34765625 
40,7354.34765625 
50,7354.34765625 
60,7354.34765625 
70,7354.34765625 
80,7354.34765625 
90,7354.34765625 
100,7354.34765625 
110,7354.34765625 
120,7354.34765625 
130,7354.34765625 
140,7354.34765625 
150,7354.34765625 
160,7354.34765625 
170,7354.34765625 
