time,session 
0,5036.323470588235 
10,7441.271459854014 
20,8150.291089820366 
30,8605.168086705198 
40,8458.331480769235 
50,8870.943960000006 
60,8594.000303571413 
70,7831.000224489789 
80,8137.9237692307615 
90,8239.825467336681 
100,8324.843703296698 
110,8360.229128865984 
120,8455.166504761899 
130,8284.47784134615 
140,8013.648034146343 
150,9682.295854368926 
160,10036.998096491221 
170,15900.815037037035 
172,0 
