time,load@tsung_controller@ip-172-31-25-121 
0,0.01953125 
10,0.01953125 
20,0.01953125 
30,0.01953125 
40,0.01953125 
50,0.01953125 
60,0.01953125 
70,0.01953125 
80,0.01953125 
90,0.01953125 
100,0.01953125 
110,0.01953125 
120,0.01953125 
130,0.01953125 
140,0.01953125 
150,0.01953125 
160,0.01953125 
170,0.01953125 
