time,freemem@tsung_controller@ip-172-31-25-121 
0,7354.34765625 
10,7304.44921875 
20,7292.86328125 
30,7285.07421875 
40,7285.07421875 
50,7285.07421875 
60,7273.80859375 
70,7273.80859375 
80,7273.80859375 
90,7272.42578125 
100,7272.42578125 
110,7270.7109375 
120,7256.01953125 
130,7248.625 
140,7248.625 
150,7248.625 
160,7231.18359375 
170,7231.18359375 
