time,page 
0,16.68323052473478 
10,12.213790198441645 
20,17.448671912356083 
30,16.049394569226298 
40,71.79638011302156 
50,44.136943089646934 
60,22.924895006802693 
70,23.319044643738728 
80,30.284165471773857 
90,21.738864611586223 
100,43.8318014755443 
110,32.78296936626379 
120,44.217557965946995 
130,31.521615790206045 
140,42.37040880884861 
150,109.10623528881537 
160,213.66293879553686 
170,5.313433038104736 
172,0 
