time,freemem@tsung_controller@ip-172-31-25-121 
0,7354.34765625 
10,7304.44921875 
20,7292.86328125 
30,7285.07421875 
40,7285.73046875 
50,7285.9609375 
60,7273.80859375 
70,7279.50390625 
80,7278.58203125 
90,7272.42578125 
100,7273.453125 
110,7270.7109375 
120,7256.01953125 
130,7248.625 
140,7249.9609375 
150,7252.08203125 
160,7231.18359375 
170,7234.98828125 
