time,load@tsung_controller@ip-172-31-25-121 
0,0.01953125 
10,0.01953125 
20,0.01953125 
30,0.08984375 
40,0.4609375 
50,0.53125 
60,0.671875 
70,0.5703125 
80,0.55078125 
90,0.5390625 
100,0.5390625 
110,0.609375 
120,0.8984375 
130,0.828125 
140,1.01171875 
150,0.94140625 
160,0.87109375 
170,0.8984375 
