time,load@tsung_controller@ip-172-31-36-11 
0,0.0 
10,0.0703125 
20,0.0703125 
30,0.0703125 
40,0.0703125 
50,0.0703125 
51,0.0703125 
