time,page 
0,204.68869047619046 
10,114.50528571428572 
20,145.52141860465116 
30,235.06123809523808 
40,198.78008196721314 
50,339.71407142857146 
51,0 
