time,freemem@tsung_controller@ip-172-31-36-11 
0,7344.70703125 
10,7342.1484375 
20,7340.11328125 
30,7337.8125 
40,7337.8125 
50,7337.6875 
51,7337.6875 
