time,session 
0,373.37586795143795 
10,99.10325429444788 
20,204.8726446705559 
30,310.6632984895227 
40,242.70498002478985 
50,458.15819244233506 
51,0 
