time,session 
0,402.427318181818 
10,231.67150000000007 
20,310.17368181818176 
30,469.674737704918 
40,396.8880491803279 
50,696.033823529412 
51,0 
