time,freemem@tsung_controller@ip-172-31-36-11 
0,7344.70703125 
10,7344.70703125 
20,7344.70703125 
30,7344.70703125 
40,7344.70703125 
50,7344.70703125 
51,7344.70703125 
