time,page 
0,233.91627408749412 
10,91.41602065190258 
20,134.09659394157535 
30,222.0593218500383 
40,196.6778383703728 
50,308.26677694116654 
51,0 
