time,load@tsung_controller@ip-172-31-36-11 
0,0.0 
10,0.0703125 
20,0.05859375 
30,0.05078125 
40,0.0390625 
50,0.0390625 
51,0.03125 
