time,connect,request 
0,5.44721671542771,152.73780851495638 
10,0.9064240175994469,66.10383517418718 
20,0.46878908079053094,89.71531669940389 
30,0.9347891471996356,151.77821278922087 
40,0.5606954520949854,133.31886900132545 
50,0.09929498415101849,202.01984559835358 
51,0,0 
