time,cpu@tsung_controller@ip-172-31-36-11 
0,0.2703072400631138 
10,1.4014014014014013 
20,1.4014014014014013 
30,1.4014014014014013 
40,2.059266700150678 
50,2.059266700150678 
51,2.059266700150678 
