time,connect,request 
0,2.158906976744186,102.2672797619047 
10,1.0982321428571422,57.1808348214286 
20,0.9795652173913041,72.97294827586205 
30,0.987016666666667,117.6159 
40,0.9489,99.32084836065573 
50,0.9018571428571427,169.7722142857143 
51,0,0 
