time,page 
0,8.755639201392341 
10,14.895418340252741 
20,11.866198362725871 
30,16.04281775759623 
40,14.726303584250248 
50,13.364116328159307 
60,45.64612581078009 
70,170.24785117226523 
80,15.011399464857895 
90,17.240295615277702 
100,34.25721114407821 
110,32.20210343524607 
120,88.54366969291183 
130,186.39112398550907 
140,190.3034076792541 
150,201.05505211759038 
160,268.0227579943253 
170,4.457691483901177 
176,2.1425101062901795 
