time,freemem@tsung_controller@ip-172-31-25-121 
0,7354.703125 
10,7316.78515625 
20,7297.40625 
30,7284.5625 
40,7282.765625 
50,7292.67578125 
60,7292.10546875 
70,7284.578125 
80,7277.171875 
90,7278.26953125 
100,7277.80859375 
110,7268.3671875 
120,7251.390625 
130,7224.8359375 
140,7192.69921875 
150,7212.81640625 
160,7218.96875 
170,7247.99609375 
176,7277.53125 
