time,load@tsung_controller@ip-172-31-25-121 
0,0.0 
10,0.0 
20,0.0 
30,0.0 
40,0.0 
50,0.0 
60,0.0 
70,0.5390625 
80,0.53125 
90,0.609375 
100,0.51171875 
110,0.6484375 
120,0.7890625 
130,0.671875 
140,0.6484375 
150,0.69921875 
160,0.828125 
170,0.8515625 
176,0.71875 
