time,session 
0,1434.0190026174332 
10,2813.6087565280154 
20,3669.119639372007 
30,3400.441235502801 
40,3373.533487741434 
50,3105.759155925727 
60,3356.958060025979 
70,3400.137229183687 
80,3737.395147222954 
90,3480.8200811116035 
100,3654.104841385992 
110,3429.6778194882254 
120,3639.18364788514 
130,3225.3188363674367 
140,3205.1489298826104 
150,3507.1369175919103 
160,3514.742739132655 
170,2968.538677665573 
176,0.0 
