time,session 
0,4643.452806451613 
10,7481.730737704917 
20,8509.696897959184 
30,8155.793662721896 
40,7934.640608695651 
50,7593.02880503145 
60,7834.109609467456 
70,8880.349056497182 
80,8752.912994318185 
90,8126.871404494383 
100,8248.252538461536 
110,8352.8325990099 
120,8948.099217391304 
130,10525.568872928183 
140,11396.26210731707 
150,12046.633980676326 
160,11756.49692913384 
170,13445.662833333336 
176,21594.609 
