time,cpu@tsung_controller@ip-172-31-25-121 
0,2.9224619128248848 
10,6.559839759639459 
20,8.476286579212916 
30,13.111447302067575 
40,14.982403217697335 
50,14.982403217697335 
60,14.982403217697335 
70,16.99544764795144 
80,16.99544764795144 
90,16.99544764795144 
100,16.99544764795144 
110,18.434343434343432 
120,18.434343434343432 
130,18.434343434343432 
140,18.88111888111888 
150,19.31069437404967 
160,19.31069437404967 
170,19.31069437404967 
176,19.31069437404967 
