time,page 
0,14.154013752455798 
10,21.540325559701465 
20,20.302413278008288 
30,24.397047549378218 
40,20.735956414473687 
50,22.19464846153843 
60,39.08220566419426 
70,106.17833945628222 
80,25.259804792107186 
90,26.15881881051173 
100,44.2936036474164 
110,41.61934876543215 
120,144.49758122540726 
130,429.9047691823893 
140,492.2733826191906 
150,570.0790106888381 
160,247.64620858433685 
170,11.984856060606056 
176,10.586333333333334 
