time,cpu@tsung_controller@ip-172-31-25-121 
0,2.9224619128248848 
10,2.9224619128248848 
20,2.9224619128248848 
30,2.9224619128248848 
40,2.9224619128248848 
50,2.9224619128248848 
60,2.9224619128248848 
70,2.9224619128248848 
80,2.9224619128248848 
90,2.9224619128248848 
100,2.9224619128248848 
110,2.9224619128248848 
120,2.9224619128248848 
130,2.9224619128248848 
140,2.9224619128248848 
150,2.9224619128248848 
160,2.9224619128248848 
170,2.9224619128248848 
176,0.7496251874062968 
