time,freemem@tsung_controller@ip-172-31-25-121 
0,7354.703125 
10,7354.703125 
20,7354.703125 
30,7354.703125 
40,7354.703125 
50,7354.703125 
60,7354.703125 
70,7354.703125 
80,7354.703125 
90,7354.703125 
100,7354.703125 
110,7354.703125 
120,7354.703125 
130,7354.703125 
140,7354.703125 
150,7354.703125 
160,7354.703125 
170,7354.703125 
176,7354.703125 
