time,cpu@tsung_controller@ip-172-31-25-121 
0,2.9224619128248848 
10,6.559839759639459 
20,8.476286579212916 
30,13.111447302067575 
40,14.982403217697335 
50,12.975951903807614 
60,14.740030287733468 
70,16.99544764795144 
80,15.400100654252642 
90,16.474712068102153 
100,16.834677419354836 
110,18.434343434343432 
120,16.032470826991375 
130,9.757330637007078 
140,18.88111888111888 
150,19.31069437404967 
160,18.924403855910704 
170,12.242849974912193 
176,0.7496251874062968 
