time,freemem@tsung_controller@ip-172-31-25-121 
0,7354.703125 
10,7316.78515625 
20,7297.40625 
30,7284.5625 
40,7282.765625 
50,7282.765625 
60,7282.765625 
70,7282.765625 
80,7277.171875 
90,7277.171875 
100,7277.171875 
110,7268.3671875 
120,7251.390625 
130,7224.8359375 
140,7192.69921875 
150,7192.69921875 
160,7192.69921875 
170,7192.69921875 
176,7192.69921875 
