time,load@tsung_controller@ip-172-31-36-11 
0,0.0 
10,0.0 
20,0.0 
30,0.0 
40,0.0 
50,0.0 
60,0.0 
70,0.0 
80,0.0 
90,0.0 
100,0.0 
110,0.0 
120,0.0 
130,0.0 
140,0.0 
150,0.0 
160,0.0 
170,0.0 
180,0.078125 
190,0.0703125 
200,0.05859375 
210,0.05078125 
220,0.0390625 
230,0.03125 
236,0.03125 
