time,freemem@tsung_controller@ip-172-31-25-121 
0,7353.48046875 
10,7353.48046875 
20,7353.48046875 
30,7353.48046875 
40,7353.48046875 
50,7353.48046875 
60,7353.48046875 
70,7353.48046875 
80,7353.48046875 
90,7353.48046875 
100,7353.48046875 
110,7353.48046875 
120,7353.48046875 
130,7353.48046875 
140,7353.48046875 
150,7353.48046875 
160,7353.48046875 
170,7353.48046875 
176,7353.48046875 
