time,page 
0,17.275938914027172 
10,21.522428057553924 
20,35.4160110356536 
30,47.40903078982599 
40,25.988115325077402 
50,34.96834210526304 
60,32.7413940256045 
70,56.28854130288782 
80,57.17263357282825 
90,127.96123897497012 
100,62.715263192612134 
110,37.95435114503816 
120,91.13645772058801 
130,389.6138143459916 
140,282.26583343074157 
150,412.8636201950654 
160,205.6254463487327 
170,13.022455555555554 
176,10.147 
