time,freemem@tsung_controller@ip-172-31-25-121 
0,7353.48046875 
10,7322.1171875 
20,7292.5 
30,7280.7734375 
40,7271.125 
50,7276.2265625 
60,7279.1328125 
70,7274.3671875 
80,7269.921875 
90,7262.78515625 
100,7248.6015625 
110,7254.26171875 
120,7253.32421875 
130,7245.03515625 
140,7227.3515625 
150,7224.0078125 
160,7216.56640625 
170,7224.83984375 
176,7258.5859375 
