time,freemem@tsung_controller@ip-172-31-25-121 
0,7353.48046875 
10,7322.1171875 
20,7292.5 
30,7280.7734375 
40,7271.125 
50,7271.125 
60,7271.125 
70,7271.125 
80,7269.921875 
90,7262.78515625 
100,7248.6015625 
110,7248.6015625 
120,7248.6015625 
130,7245.03515625 
140,7227.3515625 
150,7224.0078125 
160,7216.56640625 
170,7216.56640625 
176,7216.56640625 
