time,cpu@tsung_controller@ip-172-31-25-121 
0,4.033942252573949 
10,7.3982125124131075 
20,11.920199501246882 
30,15.574174470182356 
40,18.304239401496257 
50,16.073194856577647 
60,18.22684497275879 
70,17.05619094977623 
80,17.97029702970297 
90,19.66319960376424 
100,21.893491124260358 
110,17.436661698956783 
120,18.001978239366963 
130,21.083743842364534 
140,21.177634834240475 
150,21.921182266009854 
160,22.369065100342635 
170,12.674650698602793 
176,0.8991008991008992 
