time,session 
0,1453.1687801066055 
10,2824.5208648567846 
20,3191.1278204565933 
30,3559.391857142812 
40,3637.2895480373936 
50,3855.0247144879672 
60,3200.276939989135 
70,3638.5365551881064 
80,3590.2208102065033 
90,3445.6693579069824 
100,3148.2649243961055 
110,3208.2067728168336 
120,3181.6795064501844 
130,3249.218182403131 
140,3247.0075805763254 
150,3467.8614443359006 
160,3324.1230361806174 
170,2368.3959512724537 
176,0.0 
