time,session 
0,4841.838545454546 
10,7273.180609375001 
20,8190.764615942027 
30,8562.196166666676 
40,8374.026265432096 
50,8541.764819672137 
60,8036.420491525426 
70,8005.8733139534825 
80,8325.77467204301 
90,9054.964427906982 
100,8646.128076142128 
110,8610.016312500007 
120,8327.091668508278 
130,10688.250345177656 
140,10587.542705069121 
150,11123.236751173712 
160,10208.359454901964 
170,13009.347499999998 
176,22870.941 
