time,cpu@tsung_controller@ip-172-31-25-121 
0,4.033942252573949 
10,7.3982125124131075 
20,11.920199501246882 
30,15.574174470182356 
40,18.304239401496257 
50,18.304239401496257 
60,18.304239401496257 
70,18.304239401496257 
80,18.304239401496257 
90,19.66319960376424 
100,21.893491124260358 
110,21.893491124260358 
120,21.893491124260358 
130,21.893491124260358 
140,21.893491124260358 
150,21.921182266009854 
160,22.369065100342635 
170,22.369065100342635 
176,22.369065100342635 
