time,load@tsung_controller@ip-172-31-25-121 
0,0.2109375 
10,0.2109375 
20,0.2109375 
30,0.26953125 
40,0.390625 
50,0.390625 
60,0.390625 
70,0.390625 
80,0.390625 
90,0.390625 
100,0.390625 
110,0.390625 
120,0.390625 
130,0.390625 
140,0.390625 
150,0.390625 
160,0.390625 
170,0.390625 
176,0.390625 
