time,page 
0,11.653253742253119 
10,13.297733393984341 
20,46.429169229815464 
30,50.852609701774206 
40,17.534308136874635 
50,27.928339318297645 
60,25.612982262814352 
70,72.7028226198661 
80,50.75406315171736 
90,104.73785418131337 
100,77.26438336354464 
110,33.88756532258171 
120,94.40565324506208 
130,206.51632221776106 
140,175.65337086844985 
150,216.8197107469039 
160,244.00464185415646 
170,5.6667866637512585 
176,1.545 
