time,load@tsung_controller@ip-172-31-25-121 
0,0.2109375 
10,0.171875 
20,0.1484375 
30,0.26953125 
40,0.390625 
50,0.328125 
60,0.359375 
70,0.30078125 
80,0.26171875 
90,0.2890625 
100,0.3203125 
110,0.3515625 
120,0.30078125 
130,0.25 
140,0.2109375 
150,0.1796875 
160,0.1484375 
170,0.26953125 
176,0.23046875 
