time,load@tsung_controller@ip-172-31-25-121 
0,0.2109375 
10,0.171875 
20,0.1484375 
30,0.1484375 
40,0.1484375 
50,0.1484375 
60,0.1484375 
70,0.1484375 
80,0.1484375 
90,0.1484375 
100,0.1484375 
110,0.1484375 
120,0.1484375 
130,0.1484375 
140,0.1484375 
150,0.1484375 
160,0.1484375 
170,0.1484375 
176,0.1484375 
