time,cpu@tsung_controller@ip-172-31-25-121 
0,4.033942252573949 
10,4.033942252573949 
20,4.033942252573949 
30,4.033942252573949 
40,4.033942252573949 
50,4.033942252573949 
60,4.033942252573949 
70,4.033942252573949 
80,4.033942252573949 
90,4.033942252573949 
100,4.033942252573949 
110,4.033942252573949 
120,4.033942252573949 
130,4.033942252573949 
140,4.033942252573949 
150,4.033942252573949 
160,4.033942252573949 
170,4.033942252573949 
176,0.8991008991008992 
