time,load@tsung_controller@ip-172-31-25-121 
0,0.01171875 
10,0.01171875 
20,0.08984375 
30,0.08984375 
40,0.21875 
50,0.21875 
60,0.23828125 
70,0.23828125 
80,0.23828125 
90,0.23828125 
100,0.23828125 
110,0.23828125 
120,0.23828125 
130,0.23828125 
140,0.23828125 
150,0.23828125 
160,0.23828125 
170,0.23828125 
171,0.23828125 
