time,load@tsung_controller@ip-172-31-25-121 
0,0.01171875 
10,0.01171875 
20,0.08984375 
30,0.0703125 
40,0.21875 
50,0.19140625 
60,0.23828125 
70,0.19921875 
80,0.171875 
90,0.140625 
100,0.12109375 
110,0.1015625 
120,0.16015625 
130,0.12890625 
140,0.19140625 
150,0.16015625 
160,0.21875 
170,0.1796875 
171,0.16015625 
