time,freemem@tsung_controller@ip-172-31-25-121 
0,7355.42578125 
10,7315.3828125 
20,7296.9375 
30,7285.8359375 
40,7284.484375 
50,7276.96875 
60,7272.70703125 
70,7272.70703125 
80,7266.70703125 
90,7264.53515625 
100,7262.2265625 
110,7258.2109375 
120,7258.2109375 
130,7245.19921875 
140,7238.1953125 
150,7238.1953125 
160,7231.5390625 
170,7231.5390625 
171,7231.5390625 
