time,freemem@tsung_controller@ip-172-31-25-121 
0,7355.42578125 
10,7355.42578125 
20,7355.42578125 
30,7355.42578125 
40,7355.42578125 
50,7355.42578125 
60,7355.42578125 
70,7355.42578125 
80,7355.42578125 
90,7355.42578125 
100,7355.42578125 
110,7355.42578125 
120,7355.42578125 
130,7355.42578125 
140,7355.42578125 
150,7355.42578125 
160,7355.42578125 
170,7355.42578125 
171,7355.42578125 
