time,cpu@tsung_controller@ip-172-31-25-121 
0,1.7474229896047098 
10,1.7474229896047098 
20,1.7474229896047098 
30,1.7474229896047098 
40,1.7474229896047098 
50,1.7474229896047098 
60,1.7474229896047098 
70,1.7474229896047098 
80,1.7474229896047098 
90,1.7474229896047098 
100,1.7474229896047098 
110,1.7474229896047098 
120,1.7474229896047098 
130,1.7474229896047098 
140,1.7474229896047098 
150,1.7474229896047098 
160,1.7474229896047098 
170,1.7474229896047098 
171,1.295465869456901 
