time,page 
0,9.898870251358838 
10,11.124690367399454 
20,14.453532649832724 
30,14.367555735951825 
40,22.159939204207827 
50,17.342571400533853 
60,21.45951853440819 
70,17.850424911345776 
80,26.639926253489776 
90,33.39478901445238 
100,31.19564241633154 
110,52.73270544619691 
120,51.598708485131574 
130,92.706554651258 
140,48.00783619441444 
150,75.77383155353883 
160,132.1446245577106 
170,5.128785648271495 
171,0 
