time,page 
0,15.989013698630131 
10,19.105036471586065 
20,22.68322196442382 
30,22.761548686244172 
40,27.971562038404713 
50,25.148085060757687 
60,30.904571047364918 
70,26.511798737727897 
80,35.29999873176914 
90,41.050956982131034 
100,42.278483970406825 
110,68.67324795321643 
120,63.63998845265578 
130,149.78497829716179 
140,58.80933526682127 
150,138.60290991501395 
160,108.39404092526655 
170,12.733140350877195 
171,0 
