time,session 
0,5161.808285714285 
10,7476.290435114502 
20,8467.243919075147 
30,8062.350761290323 
40,8116.343739130436 
50,8412.44029310345 
60,8373.429499999998 
70,8088.968355029581 
80,8470.888346938775 
90,8384.015385416666 
100,8480.928324873094 
110,8378.794753623195 
120,8451.251951219512 
130,9014.108693617027 
140,8484.185833333335 
150,8726.977273170729 
160,9145.093023809526 
170,14157.103000000001 
171,0 
