time,session 
0,1568.8610901559418 
10,2658.0702377783737 
20,3761.531714291384 
30,3203.6167915799124 
40,3438.099328367038 
50,3429.4381728831368 
60,3579.3173341390498 
70,3313.878560083742 
80,4155.334735576366 
90,3373.4377250320335 
100,3747.3972556943154 
110,3055.9123280234344 
120,3487.993966310835 
130,3330.495078168212 
140,3469.4967898437935 
150,3392.2858908910052 
160,3019.4466941552346 
170,2464.748557027059 
171,0 
