time,load@tsung_controller@ip-172-31-25-121 
0,0.01171875 
10,0.01171875 
20,0.01171875 
30,0.01171875 
40,0.01171875 
50,0.01171875 
60,0.01171875 
70,0.01171875 
80,0.01171875 
90,0.01171875 
100,0.01171875 
110,0.01171875 
120,0.01171875 
130,0.01171875 
140,0.01171875 
150,0.01171875 
160,0.01171875 
170,0.01171875 
171,0.01171875 
