time,cpu@tsung_controller@ip-172-31-25-121 
0,1.7474229896047098 
10,8.177339901477833 
20,12.613521695257315 
30,13.859910581222056 
40,13.220675944333996 
50,14.623115577889449 
60,15.69620253164557 
70,16.112789526686807 
80,16.866866866866868 
90,17.81029263370333 
100,18.086696562032888 
110,18.190904547726134 
120,19.028542814221332 
130,20.079720976581964 
140,20.619071392910634 
150,19.41354903943377 
160,20.260782347041122 
170,10.58648111332008 
171,1.295465869456901 
