time,load@tsung_controller@ip-172-31-36-11 
0,0.08984375 
10,0.0703125 
20,0.05859375 
30,0.05078125 
40,0.0390625 
50,0.0390625 
60,0.03125 
70,0.01953125 
80,0.01953125 
90,0.01953125 
100,0.01171875 
110,0.01171875 
120,0.01171875 
130,0.01171875 
140,0.01171875 
150,0.0 
160,0.0 
170,0.0 
180,0.078125 
190,0.0703125 
200,0.05859375 
210,0.05078125 
220,0.0390625 
230,0.03125 
238,0.03125 
