time,load@tsung_controller@ip-172-31-36-11 
0,0.08984375 
10,0.08984375 
20,0.08984375 
30,0.08984375 
40,0.08984375 
50,0.08984375 
60,0.08984375 
70,0.08984375 
80,0.08984375 
90,0.08984375 
100,0.08984375 
110,0.08984375 
120,0.08984375 
130,0.08984375 
140,0.08984375 
150,0.08984375 
160,0.08984375 
170,0.08984375 
180,0.08984375 
190,0.08984375 
200,0.08984375 
210,0.08984375 
220,0.08984375 
230,0.08984375 
238,0.08984375 
