time,page 
0,127.11686000000009 
10,119.25042105263152 
20,149.30967924528318 
30,164.5941505376344 
40,147.95181443298966 
50,199.56971111111122 
56,535.4352000000001 
