time,freemem@tsung_controller@ip-172-31-36-11 
0,7343.08203125 
10,7343.08203125 
20,7343.08203125 
30,7343.08203125 
40,7343.08203125 
50,7343.08203125 
56,7343.08203125 
