time,session 
0,149.29774818061517 
10,117.53827761437371 
20,171.326279490587 
30,158.6760211260419 
40,117.40000450410467 
50,268.4578364234489 
56,272.6450280261582 
