time,load@tsung_controller@ip-172-31-36-11 
0,0.109375 
10,0.08984375 
20,0.16015625 
30,0.12890625 
40,0.109375 
50,0.08984375 
56,0.078125 
