time,page 
0,109.9932837315097 
10,89.27550464053795 
20,138.33789641701873 
30,123.09130800554107 
40,119.00389296052201 
50,209.79104105176467 
56,388.79157992849247 
