time,load@tsung_controller@ip-172-31-36-11 
0,0.109375 
10,0.109375 
20,0.16015625 
30,0.16015625 
40,0.16015625 
50,0.16015625 
56,0.16015625 
