time,freemem@tsung_controller@ip-172-31-36-11 
0,7343.08203125 
10,7339.890625 
20,7337.609375 
30,7337.609375 
40,7337.1328125 
50,7337.1328125 
56,7332.890625 
