time,session 
0,255.45762745098043 
10,257.8064358974359 
20,305.47585714285714 
30,317.148688888889 
40,293.8061521739131 
50,399.2992826086958 
56,1200.2029999999997 
