time,cpu@tsung_controller@ip-172-31-36-11 
0,0.24443557477004293 
10,1.998001998001998 
20,1.0505252626313157 
30,1.4521782674011017 
40,1.0505252626313157 
50,1.6974538192710935 
56,1.999000499750125 
