time,load@tsung_controller@ip-172-31-36-11 
0,0.109375 
10,0.08984375 
20,0.08984375 
30,0.08984375 
40,0.08984375 
50,0.08984375 
56,0.078125 
