time,connect,request 
0,1.6430256305385773,76.17643572908867 
10,0.2845506304211111,66.30610238464958 
20,0.08803731944983449,97.01525850012422 
30,0.7853235712559811,88.47884484845878 
40,0.11589841948730772,88.00190754592506 
50,0.11325487480310362,137.8433627258853 
56,6.329495870888285,247.53138420775565 
