time,session 
0,93.27211295267747 
10,94.64945380159796 
20,92.46639325417924 
30,372.43187623011715 
40,127.26379620283674 
50,318.1152430463412 
57,41.34438556268015 
