time,page 
0,79.28085161372128 
10,86.7649303520711 
20,87.30811140788951 
30,234.60375671826654 
40,101.44731983000408 
50,218.25526808123848 
57,79.63142855758929 
