time,connect,request 
0,1.2661162790697678,53.943269461077854 
10,0.8821509433962264,58.961958525345594 
20,1.0200857142857143,58.786992857142856 
30,1.0041351351351355,130.37872972972974 
40,1.0037857142857143,66.68128387096769 
50,0.9000877192982454,146.58797468354433 
57,1.8938333333333333,52.2002857142857 
