time,session 
0,214.33145454545456 
10,242.66150909090908 
20,237.00746874999996 
30,516.1603684210527 
40,280.1985121951221 
50,592.9696666666669 
57,214.31966666666668 
