time,cpu@tsung_controller@ip-172-31-36-11 
0,0.23949293598207094 
10,0.23949293598207094 
20,0.23949293598207094 
30,0.23949293598207094 
40,0.23949293598207094 
50,0.23949293598207094 
57,0.23949293598207094 
