time,cpu@tsung_controller@ip-172-31-36-11 
0,0.23949293598207094 
10,1.0542168674698795 
20,1.3520280420630946 
30,1.3520280420630946 
40,1.3520280420630946 
50,1.3520280420630946 
57,1.7042606516290728 
