time,freemem@tsung_controller@ip-172-31-36-11 
0,7344.140625 
10,7344.140625 
20,7344.140625 
30,7344.140625 
40,7344.140625 
50,7344.140625 
57,7344.140625 
