time,page 
0,108.50286746987956 
10,117.67044954128444 
20,117.69424285714285 
30,260.88797297297293 
40,127.19742105263158 
50,295.2996916666668 
57,104.52514285714285 
