time,freemem@tsung_controller@ip-172-31-36-11 
0,7344.140625 
10,7339.89453125 
20,7339.4140625 
30,7339.171875 
40,7336.75 
50,7336.27734375 
57,7335.06640625 
