time,load@tsung_controller@ip-172-31-25-121 
0,0.078125 
10,0.0703125 
20,0.05859375 
30,0.05078125 
40,0.0390625 
50,0.03125 
60,0.03125 
70,0.01953125 
80,0.1796875 
90,0.4609375 
100,0.390625 
110,0.328125 
120,0.421875 
130,0.44140625 
140,0.37109375 
150,0.390625 
160,0.328125 
170,0.28125 
180,0.23046875 
190,0.19921875 
200,0.171875 
210,0.30078125 
220,0.25 
230,0.2109375 
240,0.328125 
250,0.28125 
252,0.23046875 
