time,load@tsung_controller@ip-172-31-25-121 
0,0.078125 
10,0.078125 
20,0.078125 
30,0.078125 
40,0.078125 
50,0.078125 
60,0.078125 
70,0.078125 
80,0.1796875 
90,0.4609375 
100,0.4609375 
110,0.4609375 
120,0.4609375 
130,0.4609375 
140,0.4609375 
150,0.4609375 
160,0.4609375 
170,0.4609375 
180,0.4609375 
190,0.4609375 
200,0.4609375 
210,0.4609375 
220,0.4609375 
230,0.4609375 
240,0.4609375 
250,0.4609375 
252,0.4609375 
