time,cpu@tsung_controller@ip-172-31-36-11 
0,0.2313508494282519 
10,0.2313508494282519 
20,0.2313508494282519 
30,0.2313508494282519 
40,0.2313508494282519 
50,0.2313508494282519 
56,0.2313508494282519 
