time,freemem@tsung_controller@ip-172-31-36-11 
0,7344.125 
10,7342.78515625 
20,7340.8515625 
30,7339.7109375 
40,7340.265625 
50,7337.1328125 
56,7333.8203125 
