time,connect,request 
0,1.854989230525313,62.52727212162615 
10,0.11195574170150566,62.83152531050492 
20,0.105524987381701,91.86167813729216 
30,0.30992263378405144,91.66884547128411 
40,0.4132800368864783,95.26803572462087 
50,0.47375065688495865,164.64178479078984 
56,7.8085701367309825,129.79830060642325 
