time,page 
0,90.30421490746338 
10,89.90533098231717 
20,140.64037011298365 
30,127.07228283013868 
40,128.24356494674066 
50,255.72135963362433 
56,173.54300457968108 
