time,session 
0,88.71899372034152 
10,118.64211008878497 
20,176.45276538206357 
30,127.91360104804926 
40,106.80760598269724 
50,354.1460280344335 
56,85.89007742601538 
