time,connect,request 
0,1.3219230769230772,52.45771523178809 
10,0.9347435897435901,54.61342666666665 
20,0.9032075471698114,77.77792237442924 
30,0.9692978723404253,73.92482812500006 
40,0.9238333333333336,74.58896685082868 
50,0.9510689655172416,158.8654469026549 
56,3.6215555555555548,96.47579245283013 
