time,session 
0,209.57649999999998 
10,240.21307499999995 
20,305.9497547169811 
30,301.8446222222222 
40,295.22671428571414 
50,647.0678245614037 
56,383.9334444444445 
