time,page 
0,105.48619999999997 
10,106.37439999999998 
20,157.2233454545454 
30,147.99006250000005 
40,148.28079999999997 
50,315.7005044247787 
56,204.8117777777778 
