time,freemem@tsung_controller@ip-172-31-36-11 
0,7344.7265625 
10,7341.35546875 
20,7341.09765625 
30,7340.734375 
40,7340.4609375 
50,7340.72265625 
60,7340.71484375 
70,7340.828125 
80,7340.70703125 
90,7338.26171875 
100,7339.1640625 
110,7339.75390625 
120,7340.85546875 
130,7339.28125 
140,7338.31640625 
150,7338.671875 
160,7337.6328125 
170,7340.01171875 
180,7339.41015625 
190,7335.65625 
200,7333.8203125 
210,7332.3984375 
220,7332.39453125 
230,7332.21875 
234,7326.24609375 
