time,session 
0,4958.6291578947385 
10,7463.500774647885 
20,7980.3122765957405 
30,7956.559211538466 
40,7737.989297468357 
50,8715.029857988158 
60,8214.968874285712 
70,8140.066140625005 
80,8391.452898989895 
90,8099.137061611371 
100,8325.59069680852 
110,8122.8589086758 
120,8179.809122549026 
130,8261.816170329666 
140,8486.607424242431 
150,9058.258973684215 
160,8782.987784999994 
170,14208.69668181818 
180,26718.016 
182,0 
