time,load@tsung_controller@ip-172-31-25-121 
0,0.28125 
10,0.30859375 
20,0.26171875 
30,0.21875 
40,0.1796875 
50,0.23046875 
60,0.19140625 
70,0.16015625 
80,0.140625 
90,0.33984375 
100,0.2890625 
110,0.23828125 
120,0.359375 
130,0.30078125 
140,0.26171875 
150,0.2890625 
160,0.328125 
170,0.28125 
180,0.23046875 
182,0.19921875 
