time,freemem@tsung_controller@ip-172-31-25-121 
0,7354.5859375 
10,7354.5859375 
20,7354.5859375 
30,7354.5859375 
40,7354.5859375 
50,7354.5859375 
60,7354.5859375 
70,7354.5859375 
80,7354.5859375 
90,7354.5859375 
100,7354.5859375 
110,7354.5859375 
120,7354.5859375 
130,7354.5859375 
140,7354.5859375 
150,7354.5859375 
160,7354.5859375 
170,7354.5859375 
180,7354.5859375 
182,7354.5859375 
