time,cpu@tsung_controller@ip-172-31-25-121 
0,2.538995998292152 
10,1.863041289023162 
20,1.863041289023162 
30,1.863041289023162 
40,1.863041289023162 
50,1.863041289023162 
60,1.863041289023162 
70,1.863041289023162 
80,1.863041289023162 
90,1.863041289023162 
100,1.863041289023162 
110,1.863041289023162 
120,1.863041289023162 
130,1.863041289023162 
140,1.863041289023162 
150,1.863041289023162 
160,1.863041289023162 
170,1.863041289023162 
180,1.046337817638266 
182,0.3 
