time,load@tsung_controller@ip-172-31-25-121 
0,0.28125 
10,0.30859375 
20,0.30859375 
30,0.30859375 
40,0.30859375 
50,0.30859375 
60,0.30859375 
70,0.30859375 
80,0.30859375 
90,0.33984375 
100,0.33984375 
110,0.33984375 
120,0.359375 
130,0.359375 
140,0.359375 
150,0.359375 
160,0.359375 
170,0.359375 
180,0.359375 
182,0.359375 
