time,page 
0,15.348989733059538 
10,18.564788976377912 
20,22.980632547864495 
30,20.42925322213801 
40,21.61497414448672 
50,20.53619672131149 
60,24.704713019768192 
70,26.123579858883858 
80,34.31910213316105 
90,44.93674681344138 
100,21.962121023513124 
110,60.77444329334789 
120,28.711261319534337 
130,26.684221701272566 
140,62.62333790737561 
150,154.8583371584699 
160,40.586039805825195 
170,12.113621951219516 
180,16.405375 
182,0 
