time,freemem@tsung_controller@ip-172-31-25-121 
0,7354.5859375 
10,7316.07421875 
20,7289.4609375 
30,7284.5859375 
40,7284.5859375 
50,7284.5859375 
60,7275.28125 
70,7271.0625 
80,7264.2734375 
90,7261.48046875 
100,7257.73046875 
110,7257.73046875 
120,7257.73046875 
130,7257.73046875 
140,7257.73046875 
150,7254.53125 
160,7236.8671875 
170,7236.8671875 
180,7236.8671875 
182,7236.8671875 
