time,page 
0,10.733184279902323 
10,10.246380787482147 
20,13.260426256919482 
30,11.631879268446337 
40,13.512468233976955 
50,12.626170145417513 
60,16.773711626210762 
70,16.413879077104177 
80,28.727278344245992 
90,33.065330393502705 
100,13.118934406307531 
110,42.23292749975891 
120,22.78940289452012 
130,20.023465105444313 
140,43.46939566713223 
150,84.49193482321209 
160,50.433223937552405 
170,4.392062184797467 
180,7.029724086646289 
182,0 
