time,cpu@tsung_controller@ip-172-31-25-121 
0,2.538995998292152 
10,2.538995998292152 
20,3.596757852077001 
30,3.596757852077001 
40,4.431017119838873 
50,5.572289156626506 
60,15.984213122841636 
70,17.81094527363184 
80,19.0004948045522 
90,19.0004948045522 
100,20.248138957816376 
110,20.248138957816376 
120,22.51360712518555 
130,22.51360712518555 
140,22.51360712518555 
150,22.51360712518555 
160,22.962962962962962 
170,22.962962962962962 
180,22.962962962962962 
182,22.962962962962962 
