time,session 
0,1106.6619053607856 
10,2735.633711320418 
20,3110.4485760054913 
30,3145.266900595831 
40,3157.2202230082194 
50,3866.939201135083 
60,3312.7651204407885 
70,3456.3036835095795 
80,3443.9471537559516 
90,3538.580724166819 
100,3502.102984326685 
110,3149.004550657489 
120,3203.5694764666005 
130,3329.688441101513 
140,3664.0665511642505 
150,3354.828180519616 
160,3513.603293213549 
170,2989.617497997199 
180,515.3970000000008 
182,0 
