time,cpu@tsung_controller@ip-172-31-25-121 
0,2.538995998292152 
10,1.863041289023162 
20,3.596757852077001 
30,3.5912999494183104 
40,4.431017119838873 
50,5.572289156626506 
60,15.984213122841636 
70,17.81094527363184 
80,19.0004948045522 
90,17.74675972083749 
100,20.248138957816376 
110,18.284869393790043 
120,22.51360712518555 
130,18.460019743336623 
140,18.635689569945626 
150,21.272365805168985 
160,22.962962962962962 
170,9.239940387481372 
180,1.046337817638266 
182,0.3 
