time,freemem@tsung_controller@ip-172-31-25-121 
0,7354.5859375 
10,7316.07421875 
20,7289.4609375 
30,7284.5859375 
40,7291.9453125 
50,7292.35546875 
60,7275.28125 
70,7271.0625 
80,7264.2734375 
90,7261.48046875 
100,7257.73046875 
110,7263.41015625 
120,7258.70703125 
130,7268.29296875 
140,7267.90625 
150,7254.53125 
160,7236.8671875 
170,7251.80859375 
180,7262.2265625 
182,7262.57421875 
