time,load@tsung_controller@ip-172-31-25-121 
0,0.28125 
10,0.28125 
20,0.26171875 
30,0.21875 
40,0.1796875 
50,0.1796875 
60,0.1796875 
70,0.16015625 
80,0.140625 
90,0.140625 
100,0.140625 
110,0.140625 
120,0.140625 
130,0.140625 
140,0.140625 
150,0.140625 
160,0.140625 
170,0.140625 
180,0.140625 
182,0.140625 
