time,load@tsung_controller@ip-172-31-25-121 
0,0.05859375 
10,0.05078125 
20,0.0390625 
30,0.03125 
40,0.1015625 
50,0.08984375 
60,0.1484375 
70,0.12109375 
80,0.1015625 
90,0.328125 
100,0.28125 
110,0.23046875 
120,0.3515625 
130,0.30078125 
140,0.25 
150,0.2890625 
160,0.25 
170,0.28125 
176,0.23828125 
