time,freemem@tsung_controller@ip-172-31-25-121 
0,7353.640625 
10,7313.3046875 
20,7284.8671875 
30,7286.44140625 
40,7277.15234375 
50,7285.11328125 
60,7284.3203125 
70,7283.11328125 
80,7282.05078125 
90,7267.27734375 
100,7266.51953125 
110,7272.19140625 
120,7265.90625 
130,7261.79296875 
140,7246.58984375 
150,7238.37109375 
160,7230.6640625 
170,7230.44140625 
176,7269.08984375 
