time,page 
0,16.848705424460388 
10,20.926546982525167 
20,28.225221025293326 
30,22.133625119339797 
40,18.96052793752889 
50,26.026501302720998 
60,47.82914407918817 
70,30.18177319307957 
80,37.341793479532164 
90,51.76853735771434 
100,35.04408398345705 
110,36.94936723765301 
120,50.241186715298724 
130,116.97184113738693 
140,111.18967186078434 
150,126.0320162962562 
160,184.36963544510328 
170,6.16223423181205 
176,1.6440000000000001 
