time,session 
0,5101.925222222222 
10,7649.328105960261 
20,8395.042496815297 
30,8226.368807909605 
40,8373.138730769233 
50,8196.468947058827 
60,7820.316695121949 
70,8062.51723033707 
80,8467.099621621626 
90,8043.7319711538385 
100,8025.577850961545 
110,8099.927770491799 
120,8174.847307692312 
130,8942.914238095247 
140,9310.652881856535 
150,9104.062551546389 
160,9662.770608163271 
170,15189.771130434785 
176,25720.411 
