time,cpu@tsung_controller@ip-172-31-25-121 
0,3.5878074714029493 
10,2.0151133501259446 
20,2.0151133501259446 
30,2.0151133501259446 
40,2.0151133501259446 
50,2.0151133501259446 
60,2.0151133501259446 
70,2.0151133501259446 
80,2.0151133501259446 
90,2.0151133501259446 
100,2.0151133501259446 
110,2.0151133501259446 
120,2.0151133501259446 
130,2.0151133501259446 
140,2.0151133501259446 
150,2.0151133501259446 
160,2.0151133501259446 
170,2.0151133501259446 
176,0.45090180360721444 
