time,load@tsung_controller@ip-172-31-25-121 
0,0.05859375 
10,0.05078125 
20,0.0390625 
30,0.03125 
40,0.03125 
50,0.03125 
60,0.03125 
70,0.03125 
80,0.03125 
90,0.03125 
100,0.03125 
110,0.03125 
120,0.03125 
130,0.03125 
140,0.03125 
150,0.03125 
160,0.03125 
170,0.03125 
176,0.03125 
