time,session 
0,1783.6601621745922 
10,2686.8125890365395 
20,3290.4087622117004 
30,3070.803928753684 
40,3633.9968347859085 
50,3296.0684705037343 
60,3402.313843466255 
70,3586.2254585869578 
80,3966.908282972215 
90,2913.445052169859 
100,3395.8939283676173 
110,3342.5474656384827 
120,3089.8511072545352 
130,3463.0789673473478 
140,3341.115879853941 
150,3591.2367688111494 
160,2968.775095218138 
170,3666.0344547237405 
176,0.0 
