time,load@tsung_controller@ip-172-31-25-121 
0,0.05859375 
10,0.05859375 
20,0.05859375 
30,0.05859375 
40,0.1015625 
50,0.1015625 
60,0.1484375 
70,0.1484375 
80,0.1484375 
90,0.328125 
100,0.328125 
110,0.328125 
120,0.3515625 
130,0.3515625 
140,0.3515625 
150,0.3515625 
160,0.3515625 
170,0.3515625 
176,0.3515625 
