time,freemem@tsung_controller@ip-172-31-25-121 
0,7353.640625 
10,7353.640625 
20,7353.640625 
30,7353.640625 
40,7353.640625 
50,7353.640625 
60,7353.640625 
70,7353.640625 
80,7353.640625 
90,7353.640625 
100,7353.640625 
110,7353.640625 
120,7353.640625 
130,7353.640625 
140,7353.640625 
150,7353.640625 
160,7353.640625 
170,7353.640625 
176,7353.640625 
