time,cpu@tsung_controller@ip-172-31-25-121 
0,3.5878074714029493 
10,2.0151133501259446 
20,9.43298969072165 
30,13.185108583247157 
40,12.721584984358708 
50,13.605794102431453 
60,12.409886714727085 
70,12.975508077123502 
80,13.371192565823439 
90,15.649050795279631 
100,17.198764160659113 
110,14.663212435233161 
120,16.48634724368882 
130,15.134297520661159 
140,17.276946879834966 
150,18.209876543209877 
160,18.489583333333336 
170,10.188487009679063 
176,0.45090180360721444 
