time,page 
0,19.09801669758812 
10,25.78943690095847 
20,30.673381939304214 
30,29.782180293501057 
40,26.843948884089187 
50,27.651056103108388 
60,49.52662419928822 
70,37.59971643835609 
80,40.44663068920675 
90,59.06043198090683 
100,42.81966432673888 
110,42.866414664981086 
120,60.6702238899312 
130,151.84154114860814 
140,166.11790591549286 
150,164.73362832861218 
160,140.2424696261682 
170,13.501109589041093 
176,11.674 
