time,cpu@tsung_controller@ip-172-31-25-121 
0,3.5878074714029493 
10,3.5878074714029493 
20,9.43298969072165 
30,13.185108583247157 
40,13.185108583247157 
50,13.605794102431453 
60,13.605794102431453 
70,13.605794102431453 
80,13.605794102431453 
90,15.649050795279631 
100,17.198764160659113 
110,17.198764160659113 
120,17.198764160659113 
130,17.198764160659113 
140,17.276946879834966 
150,18.209876543209877 
160,18.489583333333336 
170,18.489583333333336 
176,18.489583333333336 
