time,cpu@tsung_controller@ip-172-31-36-11 
0,0.2369702767999403 
10,1.6524787180771157 
20,1.8924302788844622 
30,1.6467065868263475 
40,1.4485514485514486 
50,1.7482517482517483 
53,0.9504752376188095 
