time,connect,request 
0,3.319170458972284,148.95914609807156 
10,0.07508463044055728,82.82737039804945 
20,0.4459338422558447,86.11255927187212 
30,0.9138271792742033,121.23813418233183 
40,0.8892514738821933,115.69884968203955 
50,0.8086203620983087,207.01828494157184 
53,0,0 
