time,freemem@tsung_controller@ip-172-31-36-11 
0,7342.61328125 
10,7339.578125 
20,7339.44921875 
30,7339.44921875 
40,7339.44921875 
50,7339.44921875 
53,7339.44921875 
