time,freemem@tsung_controller@ip-172-31-36-11 
0,7342.61328125 
10,7339.578125 
20,7339.44921875 
30,7340.68359375 
40,7341.30078125 
50,7341.17578125 
53,7342.36328125 
