time,page 
0,232.0747383671723 
10,116.17273714520574 
20,116.62317317140196 
30,166.56667126198926 
40,155.1076219787225 
50,286.37033381418865 
53,0 
