time,session 
0,462.7921428571427 
10,242.84093617021273 
20,284.4231016949153 
30,312.3132500000001 
40,346.7702777777776 
50,514.2888749999998 
53,0 
