time,session 
0,257.8804778802872 
10,80.51451023854875 
20,113.87890601784055 
30,166.33520913752403 
40,131.97734714833345 
50,298.7750702260973 
53,0 
