time,connect,request 
0,1.556500000000001,114.20123557692315 
10,0.8586222222222223,64.06655319148935 
20,0.9873050847457625,67.86093043478259 
30,1.0705555555555553,81.2746752577319 
40,1.1593272727272719,85.24979090909095 
50,1.0499,127.95501249999988 
53,0,0 
