time,load@tsung_controller@ip-172-31-36-11 
0,0.01953125 
10,0.01953125 
20,0.01953125 
30,0.01171875 
40,0.01171875 
50,0.01171875 
53,0.01171875 
