time,cpu@tsung_controller@ip-172-31-36-11 
0,0.2369702767999403 
10,1.6524787180771157 
20,1.8924302788844622 
30,1.8924302788844622 
40,1.8924302788844622 
50,1.8924302788844622 
53,1.8924302788844622 
