time,freemem@tsung_controller@ip-172-31-36-11 
0,7342.61328125 
10,7342.61328125 
20,7342.61328125 
30,7342.61328125 
40,7342.61328125 
50,7342.61328125 
53,7342.61328125 
