time,cpu@tsung_controller@ip-172-31-36-11 
0,0.2369702767999403 
10,0.2369702767999403 
20,0.2369702767999403 
30,0.2369702767999403 
40,0.2369702767999403 
50,0.2369702767999403 
53,0.2369702767999403 
