time,page 
0,228.55322115384612 
10,128.2813085106383 
20,135.84715652173907 
30,162.67375257731962 
40,170.6382454545456 
50,256.03411250000016 
53,0 
